frames,car_ID,speed,direction,rate_of_speed,rate_of_direction,class
24,1,78.74410396,24.57993176,0,0,No
25,0,165.5967774,-163.8032198,0,0.42732049,No
25,1,78.74410396,-10.30115582,0,-1.581395349,No
26,0,165.5967774,-163.8032198,0,0.364832536,No
26,1,78.74410396,-10.30115582,0,-1.7,No
27,0,165.5967774,-163.8032198,0,0.332425068,No
27,1,78.74410396,-10.30115582,0,-1.789473684,No
28,0,165.5967774,-212.7402285,0,0.6121673,No
28,1,78.74410396,36.5525049,0,1.634146341,No
29,0,218.3980849,-212.7402285,0.263245033,0.547445255,No
29,1,154.1548425,36.5525049,0.733118971,1.523364486,No
30,0,218.3980849,-212.7402285,0.233186675,0.507109005,No
30,1,154.1548425,36.5525049,0.62295082,1.454545455,No
31,0,218.3980849,-172.9778119,0.2147923,0.18956303,No
31,1,154.1548425,53.84817503,0.55985267,2.177111717,No
32,0,218.3980849,-172.9778119,0.202375902,0.167624021,No
32,1,154.1548425,53.84817503,0.518968134,1.931914894,No
33,0,218.3980849,-172.9778119,0.193430657,0.152042867,No
33,1,154.1548425,53.84817503,0.490322581,1.77486911,No
34,0,192.607731,-216.414296,0.042533937,0.414670659,No
34,1,178.4108883,53.59749734,0.634693878,1.544581619,No
35,0,192.607731,-216.414296,0.036503856,0.391528426,No
35,1,178.4108883,53.59749734,0.57721519,1.395480226,No
36,0,192.607731,-216.414296,0.032026876,0.374045802,No
36,1,178.4108883,53.59749734,0.536690647,1.291066282,No
37,0,192.607731,-224.9743331,0.028571429,0.399485483,No
37,1,178.4108883,58.76736731,0.506583072,1.356972112,No
38,0,192.607731,-224.9743331,0.025823687,0.38002594,No
38,1,178.4108883,58.76736731,0.483333333,1.250510551,No
39,0,168.5013365,-224.9743331,-0.101604278,0.364664926,No
39,1,236.2667361,58.76736731,0.889778615,1.171122995,No
40,0,168.5013365,-178.2244689,-0.100971694,0.073397657,No
40,1,236.2667361,51.8243338,0.833197056,0.832648871,No
41,0,168.5013365,-178.2244689,-0.10045895,0.064543689,No
41,1,236.2667361,51.8243338,0.789815818,0.774514234,No
42,0,168.5013365,-178.2244689,-0.100034937,0.057276199,No
42,1,236.2667361,51.8243338,0.75549806,0.728813559,No
43,0,168.5013365,-185.9682607,-0.099678457,0.091445428,No
43,1,236.2667361,63.51320763,0.727672035,1.06557377,No
44,0,150.3648035,-185.9682607,-0.192996185,0.085298604,No
44,1,338.3985295,63.51320763,1.37906322,1.010210593,No
44,2,12.70155052,36.14498294,0,0,No
45,0,150.3648035,-185.9682607,-0.190356243,0.080116769,No
45,1,338.3985295,63.51320763,1.305069334,0.965337955,No
45,2,12.70155052,48.19331059,0,0.25,No
46,0,150.3648035,-104.1119362,-0.188108918,-0.393238257,No
46,1,338.3985295,58.21010918,1.245961971,0.763513514,No
46,2,12.70155052,48.19331059,0,0.217391304,No
47,0,150.3648035,-104.1119362,-0.186172686,-0.393614068,No
47,1,338.3985295,58.21010918,1.197659298,0.726027397,No
47,2,12.70155052,48.19331059,0,0.2,No
48,0,150.3648035,-104.1119362,-0.184487133,-0.393939394,No
48,1,338.3985295,58.21010918,1.157446809,0.694805195,No
48,2,12.70155052,73.35440274,0,0.694390716,No
49,0,105.8870178,-153.1160982,-0.42506591,-0.108140704,No
49,1,427.2630324,64.67501515,1.627991794,0.830374753,No
49,2,21.44517496,73.35440274,0.580645161,0.62462908,No
50,0,105.8870178,-153.1160982,-0.421505921,-0.107922058,No
50,2,21.44517496,73.35440274,0.5,0.581227437,No
51,0,105.8870178,-153.1160982,-0.41836917,-0.107729827,No
51,2,21.44517496,20.68149009,0.452830189,-0.563492063,No
52,0,105.8870178,-96.03869939,-0.415584416,-0.438633796,No
52,2,21.44517496,20.68149009,0.421875,-0.561181435,No
53,0,105.8870178,-96.03869939,-0.413095555,-0.437294298,No
53,2,21.44517496,20.68149009,0.4,-0.559471366,No
54,0,124.0235865,-96.03869939,-0.302355955,-0.436098256,No
54,2,35.59529356,69.60386415,1.150170648,0.501865672,No
55,0,124.0235865,-131.6977678,-0.298302344,-0.2282011,No
55,2,35.59529356,69.60386415,1.03601108,0.488673139,No
56,0,124.0235865,-131.6977678,-0.294659383,-0.226130921,No
56,2,35.59529356,69.60386415,0.958041958,0.478571429,No
57,0,124.0235865,-131.6977678,-0.291367679,-0.224263589,No
57,2,35.59529356,59.34627099,0.901408451,0.251143451,No
58,0,124.0235865,-140.751271,-0.288378766,-0.168590113,No
58,2,35.59529356,59.34627099,0.85840708,0.24095941,No
59,0,96.35381971,-140.751271,-0.445281693,-0.166437666,No
59,2,39.51876766,59.34627099,0.973214286,0.232835821,No
60,0,96.35381971,-140.751271,-0.441839663,-0.164480588,No
60,2,39.51876766,73.63710739,0.902439024,0.506041851,No
61,0,96.35381971,-177.6408294,-0.438696567,0.058378649,No
61,2,39.51876766,73.63710739,0.848758465,0.490586051,No
62,0,96.35381971,-177.6408294,-0.435815082,0.060238806,No
62,2,39.51876766,73.63710739,0.806646526,0.477946493,No
63,0,96.35381971,-177.6408294,-0.433163851,0.061939318,No
63,2,39.51876766,67.9578219,0.772727273,0.341750109,No
64,0,83.60768536,-157.47199,-0.506480841,-0.056507567,No
64,2,47.60479619,67.9578219,1.061403509,0.329628895,No
65,0,83.60768536,-157.47199,-0.503309457,-0.055091325,No
65,2,47.60479619,67.9578219,1.002840909,0.319474836,No
66,0,83.60768536,-157.47199,-0.500378039,-0.053789363,No
66,2,47.60479619,75.26382536,0.955825864,0.46152565,No
67,0,83.60768536,-208.4432236,-0.497660344,0.254318295,No
67,2,47.60479619,75.26382536,0.917249417,0.448497854,No
68,0,83.60768536,-208.4432236,-0.49513382,0.254998538,No
68,2,47.60479619,75.26382536,0.885026738,0.437393526,No
69,0,69.51024911,-208.4432236,-0.577294056,0.255626082,No
69,2,60.89478092,91.08175169,1.332053743,0.723709993,No
70,0,69.51024911,-170.7110971,-0.574502895,0.026642984,No
70,2,60.89478092,91.08175169,1.27154047,0.706387612,No
71,0,69.51024911,-170.7110971,-0.57189781,0.027021855,No
71,2,60.89478092,91.08175169,1.22133758,0.691449814,No
72,0,69.51024911,-170.7110971,-0.569460796,0.027372911,No
72,2,60.89478092,78.07061801,1.179016875,0.435082584,No
73,0,69.51024911,-187.011568,-0.567176095,0.130159897,No
73,2,60.89478092,78.07061801,1.142857143,0.42233057,No
74,0,64.97164073,-187.011568,-0.595706145,0.13020598,No
74,2,76.52611178,78.07061801,1.635294118,0.411184211,No
75,0,64.97164073,-187.011568,-0.593046159,0.130248834,No
75,2,76.52611178,73.44127088,1.569318182,0.309584828,No
76,0,64.97164073,-169.6709452,-0.590544639,0.021449671,No
76,2,76.52611178,73.44127088,1.513385827,0.299807507,No
77,0,64.97164073,-169.6709452,-0.588187833,0.021444869,No
77,2,76.52611178,73.44127088,1.465365854,0.291156463,No
78,0,64.97164073,-169.6709452,-0.585963537,0.021440387,No
78,2,76.52611178,81.48954809,1.423690205,0.421658495,No
79,0,43.86866368,-159.588268,-0.719816335,-0.038940283,No
79,2,80.56931718,81.48954809,1.487394958,0.411906677,No
80,0,43.86866368,-159.588268,-0.71792306,-0.038884595,No
80,2,80.56931718,81.48954809,1.432748538,0.403198172,No
81,0,43.86866368,-159.588268,-0.716130661,-0.038832436,No
81,2,80.56931718,69.26072594,1.385454545,0.187871154,No
82,0,43.86866368,-210.4353039,-0.714431287,0.269005848,No
82,2,80.56931718,69.26072594,1.344122658,0.181197748,No
83,0,43.86866368,-210.4353039,-0.712817878,0.268574202,No
83,2,80.56931718,69.26072594,1.307692308,0.175182482,No
84,0,53.08336557,-210.4353039,-0.643571131,0.268168985,No
84,2,125.7595199,82.32887906,2.5077951,0.38847555,No
85,0,53.08336557,-171.3751238,-0.641233423,0.032294833,No
85,2,125.7595199,82.32887906,2.423236515,0.38114534,No
86,0,53.08336557,-171.3751238,-0.639009288,0.03195932,No
86,2,125.7595199,82.32887906,2.349514563,0.374493644,No
87,0,53.08336557,-171.3751238,-0.636890646,0.031643457,No
87,2,125.7595199,70.32956244,2.284671533,0.16765006,No
88,0,53.08336557,-213.4834074,-0.634870164,0.284191049,No
88,2,125.7595199,70.32956244,2.227194492,0.162465579,No
89,0,44.34796813,-213.4834074,-0.694819503,0.283401446,No
89,2,132.3408089,70.32956244,2.320488118,0.157728323,No
90,0,44.34796813,-213.4834074,-0.692859104,0.282656601,No
90,2,132.3408089,84.06042979,2.244056575,0.382809777,No
91,0,44.34796813,-175.2523655,-0.690985912,0.053181796,No
91,2,132.3408089,84.06042979,2.176670442,0.376895976,No
92,0,44.34796813,-175.2523655,-0.689194233,0.052573759,No
92,2,132.3408089,84.06042979,2.116813686,0.371465158,No
93,0,44.34796813,-175.2523655,-0.687478861,0.051998798,No
93,2,132.3408089,72.96173796,2.063291139,0.170831487,No
94,0,41.14625312,-214.9687298,-0.706871442,0.285381264,No
94,2,172.4914911,72.96173796,2.889003083,0.166497562,No
95,0,41.14625312,-214.9687298,-0.705035971,0.284375849,No
95,2,172.4914911,72.96173796,2.798631767,0.162496459,No
96,0,41.14625312,-214.9687298,-0.703275775,0.283423447,No
96,2,172.4914911,81.47984686,2.718396855,0.302896535,No
97,0,41.14625312,-231.6334139,-0.701586314,0.383870968,No
97,2,172.4914911,81.47984686,2.646683504,0.298356364,No
98,0,41.14625312,-231.6334139,-0.69996341,0.382443607,No
98,2,172.4914911,81.47984686,2.582202588,0.294147326,No
99,0,36.19487357,-231.6334139,-0.734866872,0.38108946,No
99,2,259.1535541,79.89766968,4.240371532,0.257825993,No
100,0,36.19487357,-122.211138,-0.733245791,-0.271089769,No
100,2,259.1535541,79.89766968,4.104726908,0.253772505,No
101,0,36.19487357,-122.211138,-0.731686277,-0.271561256,No
101,2,259.1535541,79.89766968,3.984173721,0.25,No
102,0,36.19487357,-122.211138,-0.730184888,-0.272009724,No
102,2,259.1535541,84.78618888,3.876326144,0.324709302,No
103,0,36.19487357,-150.8220856,-0.728738434,-0.105373916,No
103,2,259.1535541,84.78618888,3.779276082,0.320606401,No
104,0,36.57322282,-150.8220856,-0.727059131,-0.105796542,No
104,2,353.364327,84.78618888,5.309722345,0.316775244,No
105,0,36.57322282,-150.8220856,-0.725440349,-0.106199366,No
105,2,353.364327,72.02403916,5.129648954,0.125393494,No
106,0,36.57322282,-155.6803203,-0.723878874,-0.076746341,No
106,2,353.364327,72.02403916,4.969607379,0.122335025,No
107,0,36.57322282,-155.6803203,-0.722371718,-0.077070967,No
107,2,353.364327,72.02403916,4.826431159,0.119469027,No
108,0,36.57322282,-155.6803203,-0.720916092,-0.077380952,No
108,2,353.364327,82.33771634,4.697587797,0.271443867,No
109,0,30.78759015,-161.0697093,-0.766028865,-0.041944327,No
109,2,450.2301969,82.33771634,6.023060797,0.268154922,No
110,0,30.78759015,-161.0697093,-0.764674775,-0.042209632,No
111,0,30.78759015,-161.0697093,-0.763365469,-0.042463388,No
112,0,30.78759015,-160.6929051,-0.762098761,-0.048619798,No
113,0,30.78759015,-160.6929051,-0.760872605,-0.048819797,No
114,0,41.05559988,-160.6929051,-0.671317062,-0.049011384,No
115,0,41.05559988,-163.6493413,-0.669501088,-0.031347497,No
116,0,41.05559988,-163.6493413,-0.667741849,-0.031507699,No
117,0,41.05559988,-163.6493413,-0.666036729,-0.031661379,No
118,0,41.05559988,-164.5559006,-0.664383267,-0.025853519,No
119,0,37.2194464,-164.5559006,-0.695460331,-0.025981038,No
120,0,37.2194464,-164.5559006,-0.693844289,-0.026103525,No
121,0,37.2194464,-164.0282361,-0.692276021,-0.0262064,No
122,0,37.2194464,-164.0282361,-0.690753439,-0.02630526,No
123,0,37.2194464,-164.0282361,-0.689274574,-0.026400335,No
124,0,36.69501732,-162.2644674,-0.696076808,-0.038343618,No
125,0,36.69501732,-162.2644674,-0.694526466,-0.038411079,No
126,0,36.69501732,-162.2644674,-0.693019621,-0.038476033,No
127,0,36.69501732,-109.409408,-0.691554468,-0.352972178,No
128,0,36.69501732,-109.409408,-0.690129299,-0.352898459,No
129,0,36.21750662,-109.409408,-0.688560256,-0.35282738,No
130,0,36.21750662,-36.46980266,-0.687033694,-0.786149643,No
131,0,36.21750662,-36.46980266,-0.685547909,-0.786048032,No
132,0,36.21750662,-36.46980266,-0.68410129,-0.785949896,No
133,0,36.21750662,-108.7078756,-0.682692308,-0.357458164,No
134,0,39.59323698,-108.7078756,-0.654587213,-0.357079805,No
135,0,39.59323698,-108.7078756,-0.652967448,-0.356713958,No
136,0,39.59323698,-150.3525838,-0.651389056,-0.106013659,No
137,0,39.59323698,-150.3525838,-0.649850474,-0.105497633,No
138,0,39.59323698,-150.3525838,-0.648350212,-0.104998241,No
139,0,36.1629632,-105.4387801,-0.673892846,-0.373061986,No
140,0,36.1629632,-105.4387801,-0.672422802,-0.372639064,No
141,0,36.1629632,-105.4387801,-0.670988696,-0.372229351,No
142,0,36.1629632,-148.5639812,-0.669589225,-0.114542019,No
143,0,36.1629632,-148.5639812,-0.668223151,-0.113960302,No
144,0,44.10871515,-148.5639812,-0.592706348,-0.113396324,No
144,3,12.45280797,36.14498294,0,0,No
145,0,44.10871515,-49.52132706,-0.590960344,-0.706202133,No
145,3,12.45280797,50.90334471,0,0.288659794,No
146,0,44.10871515,-49.52132706,-0.589255444,-0.705949724,No
146,3,12.45280797,50.90334471,0,0.25,No
147,0,44.10871515,-49.52132706,-0.587590215,-0.705704727,No
147,3,12.45280797,50.90334471,0,0.229508197,No
148,0,44.10871515,35.04416567,-0.585963287,-1.210473412,No
148,3,12.45280797,74.59277612,0,0.688212928,Accdient
149,0,40.86733372,35.04416567,-0.622015156,-1.210728465,Accdient
149,3,21.33949152,74.59277612,0.580645161,0.618075802,Accdient
150,0,40.86733372,35.04416567,-0.620463727,-1.210976379,Accdient
150,3,21.33949152,74.59277612,0.5,0.574468085,Accdient
151,0,40.86733372,-43.63986362,-0.618947463,-0.740437582,Accdient
151,3,21.33949152,24.86425871,0.452830189,-0.487378641,Accdient
152,0,40.86733372,-43.63986362,-0.617465181,-0.740084657,Accdient
152,3,21.33949152,24.86425871,0.421875,-0.485996705,Accdient
153,0,40.86733372,-43.63986362,-0.616015753,-0.73974127,Accdient
153,3,21.33949152,24.86425871,0.4,-0.484978541,Accdient
154,0,35.10980505,-127.4928679,-0.662647865,-0.230282916,Accdient
154,3,32.5546096,93.39595519,0.986206897,0.943283582,Accdient
155,0,35.10980505,-127.4928679,-0.661312065,-0.229265003,Accdient
155,3,32.5546096,93.39595519,0.892957746,0.905737705,Accdient
156,0,35.10980505,-127.4928679,-0.660005397,-0.228274016,Accdient
156,3,32.5546096,93.39595519,0.828571429,0.877523553,Accdient
157,3,32.5546096,78.84201918,0.781443299,0.539473684,Accdient
158,3,32.5546096,78.84201918,0.745454545,0.512759442,Accdient
184,4,7.704453587,-21.14498294,0,0,No
184,5,17.11837218,-41.8458926,0,0,No
185,4,7.704453587,67.95167235,0,-20.70588235,No
185,5,17.11837218,35.73011696,0,-2.356589147,Accdient
186,4,7.704453587,67.95167235,0,15.17241379,No
186,5,17.11837218,35.73011696,0,-2.814814815,Accdient
187,4,7.704453587,67.95167235,0,7.04,No
187,5,17.11837218,35.73011696,0,-3.234042553,Accdient
188,4,7.704453587,31.50557451,0,1.447368421,Accdient
188,5,17.11837218,15.21878749,0,-2.363636364,Accdient
189,4,11.89868633,31.50557451,0.452830189,1.030567686,No
189,5,29.30704651,15.21878749,0.549618321,-2.829268293,Accdient
190,4,11.89868633,31.50557451,0.394366197,0.823529412,No
190,5,29.30704651,15.21878749,0.474576271,-3.368421053,Accdient
191,4,11.89868633,25.50185817,0.359550562,0.348039216,No
191,5,29.30704651,5.072929163,0.430493274,-2.1,Accdient
192,4,11.89868633,25.50185817,0.336448598,0.274509804,No
192,5,29.30704651,5.072929163,0.401486989,-2.511627907,Accdient
193,4,11.89868633,25.50185817,0.32,0.225490196,No
193,5,29.30704651,5.072929163,0.380952381,-3.083333333,Accdient
194,4,10.57096146,107.3556364,0.176470588,3.561510353,No
194,5,26.16018504,7.555117908,0.209302326,-5.803921569,Accdient
195,4,10.57096146,107.3556364,0.160220994,3.155339806,Accdient
195,5,26.16018504,7.555117908,0.189542484,-10.33333333,Accdient
196,4,10.57096146,107.3556364,0.148325359,2.886198547,Accdient
196,5,26.16018504,7.555117908,0.175141243,-36,Accdient
197,4,10.57096146,110.7852121,0.139240506,2.600770218,Accdient
197,5,26.16018504,14.80833852,0.164179104,26.46153846,Accdient
198,4,10.57096146,110.7852121,0.132075472,2.340436867,Accdient
198,5,26.16018504,14.80833852,0.155555556,12.08196721,Accdient
199,4,8.037163065,110.7852121,-0.096345515,2.155737705,Accdient
199,5,25.69452834,14.80833852,0.101036269,8.1875,Accdient
200,4,8.037163065,36.92840405,-0.097922849,-0.012152097,No
200,5,25.69452834,13.7911299,0.093210587,5.319444444,Accdient
201,4,8.037163065,36.92840405,-0.09919571,-0.046111493,No
201,5,25.69452834,13.7911299,0.086956522,4.213541667,Accdient
202,4,8.037163065,36.92840405,-0.100244499,-0.072677093,Accdient
202,5,25.69452834,13.7911299,0.081843838,3.55,Accdient
203,4,8.037163065,72.30946802,-0.101123596,0.796095445,No
203,5,25.69452834,8.367020791,0.077586207,1.486486486,Accdient
204,4,14.14547393,72.30946802,0.555555556,0.749696233,No
204,5,37.70322773,8.367020791,0.572642968,1.272727273,Accdient
205,4,14.14547393,72.30946802,0.541284404,0.712021136,No
205,5,37.70322773,8.367020791,0.554621849,1.117647059,Accdient
206,4,14.14547393,120.2481389,0.529411765,1.758891727,Accdient
206,5,37.70322773,31.32277181,0.539692702,6.327272727,Accdient
207,4,14.14547393,120.2481389,0.519379845,1.682753726,Accdient
207,5,37.70322773,31.32277181,0.527122642,5.711340206,Accdient
208,4,14.14547393,120.2481389,0.510791367,1.620087336,Accdient
208,5,37.70322773,31.32277181,0.516393443,5.255605381,Accdient
209,4,14.48803056,130.082713,0.494071146,1.747813411,Accdient
209,5,34.72082334,27.74466631,0.378378378,4,Accdient
210,4,14.48803056,130.082713,0.479951397,1.673477511,No
210,5,34.72082334,27.74466631,0.36565097,3.665551839,Accdient
211,4,14.48803056,130.082713,0.467869222,1.611395179,No
211,5,34.72082334,27.74466631,0.354755784,3.40652819,Accdient
212,4,14.48803056,88.36090433,0.457413249,0.724913687,No
212,5,34.72082334,12.23909764,0.345323741,0.857519789,No
213,4,14.48803056,88.36090433,0.448275862,0.688834154,No
213,5,34.72082334,12.23909764,0.337078652,0.77672209,No
214,4,13.96736205,88.36090433,0.333333333,0.658007422,No
214,5,39.70165273,12.23909764,0.518248175,0.710583153,No
215,4,13.96736205,74.45363478,0.323353293,0.3694043,No
215,5,39.70165273,7.849676705,0.504863813,-0.034165572,No
216,4,13.96736205,74.45363478,0.314606742,0.347993764,No
216,5,39.70165273,7.849676705,0.493163172,-0.06102719,No
217,4,13.96736205,74.45363478,0.306878307,0.329341317,No
217,5,39.70165273,7.849676705,0.482847341,-0.083892617,No
218,4,13.96736205,63.67289532,0.3,0.117245836,No
218,5,39.70165273,23.76154184,0.473684211,1.922325103,No
219,4,14.31355738,63.67289532,0.389671362,0.104517869,No
219,5,30.64228755,23.76154184,0.126331811,1.847619048,No
220,4,14.31355738,63.67289532,0.380530973,0.093249428,No
220,5,30.64228755,23.76154184,0.11988514,1.783244681,No
221,4,14.31355738,66.22429844,0.372384937,0.134251497,No
221,5,30.64228755,-43.63076074,0.114130435,-6.209371043,No
222,4,14.31355738,66.22429844,0.365079365,0.124405705,No
222,5,30.64228755,-43.63076074,0.10896196,-6.214746172,No
223,4,14.31355738,66.22429844,0.358490566,0.115582743,No
223,5,30.64228755,-43.63076074,0.104294479,-6.219653179,No
224,4,13.5556786,108.3047887,0.254211332,0.808035714,No
224,5,46.38472279,2.359944133,0.680649526,-0.756457565,No
225,4,13.5556786,108.3047887,0.247697528,0.792380219,No
225,5,46.38472279,2.359944133,0.669354839,-0.755752212,No
226,4,13.5556786,108.3047887,0.241808952,0.778265642,No
226,5,46.38472279,2.359944133,0.659174072,-0.755102041,No
227,4,13.5556786,132.2465792,0.236459709,1.151178918,No
227,5,46.38472279,6.587549421,0.649950183,-0.262985952,No
228,4,13.5556786,132.2465792,0.231578947,1.131136738,No
228,5,46.38472279,6.587549421,0.641554322,-0.260842238,No
229,4,16.86721803,132.2465792,0.507014028,1.11299435,No
229,5,44.7961064,6.587549421,0.559107358,-0.258855586,No
230,4,16.86721803,146.3721589,0.499043977,1.311675732,No
230,5,44.7961064,5.34995721,0.549073143,-0.380285798,No
231,4,16.86721803,146.3721589,0.491773309,1.288693432,No
231,5,44.7961064,5.34995721,0.53993961,-0.378340366,No
232,4,16.86721803,146.3721589,0.485113835,1.267817259,No
232,5,44.7961064,5.34995721,0.5315907,-0.376528117,No
233,4,16.86721803,97.56069714,0.478991597,0.492500242,No
233,5,44.7961064,14.07328495,0.523929471,0.747710024,No
234,4,19.08498578,97.56069714,0.745022479,0.479569826,No
234,5,36.80813761,14.07328495,0.240033723,0.749558192,No
235,4,19.08498578,97.56069714,0.734706425,0.467746217,No
235,5,36.80813761,14.07328495,0.233787214,0.751280176,No
236,4,19.08498578,152.5202324,0.725235849,1.27747423,No
236,5,36.80813761,4.691094984,0.228042973,-0.498704358,No
237,4,19.08498578,152.5202324,0.716510903,1.256918807,No
237,5,36.80813761,4.691094984,0.22274276,-0.497835498,No
238,4,19.08498578,152.5202324,0.708446866,1.238065716,No
238,5,36.80813761,4.691094984,0.217837007,-0.49702184,No
239,4,25.78370167,204.610055,1.230046948,1.970458304,No
239,5,19.99746626,16.56369833,-0.358981947,1.011506499,No
240,4,25.78370167,204.610055,1.213606803,1.940036857,No
240,5,19.99746626,16.56369833,-0.360585607,1.011127138,No
241,4,25.78370167,204.610055,1.198462278,1.912106587,No
241,5,19.99746626,16.56369833,-0.362076874,1.010771993,No
242,4,25.78370167,167.0583687,1.184466019,1.357928297,No
242,5,19.99746626,5.521232776,-0.363467163,-0.371378911,No
243,4,25.78370167,167.0583687,1.171492205,1.334061272,No
243,5,19.99746626,5.521232776,-0.364766395,-0.371139809,No
244,4,28.77703556,167.0583687,1.410081162,1.312076716,No
244,5,25.39949325,5.521232776,-0.165424122,-0.370915033,No
245,4,28.77703556,1.831105844,1.389823554,-0.986257928,No
245,5,25.39949325,-7.014606134,-0.166599888,-1.883339216,No
246,4,28.77703556,1.831105844,1.371101461,-0.986353115,No
246,5,25.39949325,-7.014606134,-0.167701381,-1.885817308,No
247,4,28.77703556,1.831105844,1.353746672,-0.986441586,No
247,5,25.39949325,-7.014606134,-0.168735425,-1.888164493,No
248,4,28.77703556,57.45626121,1.337614679,-0.231641729,No
248,5,25.39949325,-2.338202045,-0.169708029,-1.254806126,No
249,4,24.4283939,57.45626121,0.986586657,-0.235810406,No
249,5,16.01750785,-2.338202045,-0.46866813,-1.255799174,No
250,4,24.4283939,57.45626121,0.970758245,-0.239706167,No
250,5,16.01750785,-2.338202045,-0.468719923,-1.256744186,No
251,4,24.4283939,-25.84791293,0.956051164,-1.332381443,No
251,5,16.01750785,-54.63441774,-0.468768789,-8.021978022,No
252,4,24.4283939,-25.84791293,0.942350333,-1.331366319,No
252,5,16.01750785,-54.63441774,-0.468814969,-8.109107304,No
253,4,24.4283939,-25.84791293,0.929555896,-1.330411031,No
253,5,16.01750785,-54.63441774,-0.468858678,-8.193605684,No
254,4,23.85042804,-65.90593686,0.834835278,-1.858450292,No
254,5,13.13920781,-78.21147258,-0.568026583,-11.64159292,No
255,4,23.85042804,-65.90593686,0.821489726,-1.85786527,No
255,5,13.13920781,-78.21147258,-0.567627494,-11.89065256,No
256,4,23.85042804,-65.90593686,0.809024424,-1.857310986,No
256,5,13.13920781,-78.21147258,-0.56724873,-12.13796134,No
257,4,23.85042804,44.17633732,0.797355063,-0.419778946,No
257,5,13.13920781,-43.78052498,-0.566888775,-7.321486268,No
258,4,23.85042804,44.17633732,0.786407767,-0.419885744,No
258,5,13.13920781,-43.78052498,-0.566546263,-7.503829161,No
259,4,18.95608943,44.17633732,0.389125532,-0.419987231,No
259,5,16.47006249,-43.78052498,-0.465712582,-7.687195392,No
260,4,18.95608943,-0.274554226,0.380750091,-1,No
260,5,16.47006249,-65.73849127,-0.464945235,-11.49798116,No
261,4,18.95608943,-0.274554226,0.372881356,-1,No
261,5,16.47006249,-65.73849127,-0.464213736,-11.8973194,No
262,4,18.95608943,-0.274554226,0.365474694,-1,No
262,5,16.47006249,-65.73849127,-0.463515629,-12.30694892,No
263,4,18.95608943,51.05346487,0.358490566,-0.325617916,No
263,5,16.47006249,-6.912830422,-0.462848679,-2.084461036,No
264,4,14.07761475,51.05346487,0.051395324,-0.32501418,No
264,5,14.24197704,-6.912830422,-0.529076782,-2.126360625,No
265,4,14.07761475,51.05346487,0.046482412,-0.324437194,No
265,5,14.24197704,-6.912830422,-0.528201255,-2.169467115,No
266,4,14.07761475,32.01782162,0.041840578,-0.57557515,No
266,5,14.24197704,57.69572319,-0.527363414,10.43484556,No
267,4,14.07761475,32.01782162,0.037447989,-0.575056198,No
267,5,14.24197704,57.69572319,-0.526560875,10.76322174,No
268,4,14.07761475,32.01782162,0.033285094,-0.574559125,No
268,5,14.24197704,57.69572319,-0.525791455,11.09512195,No
269,4,19.11290381,112.9625731,0.396245894,0.490163248,No
269,5,18.07257047,94.23190773,-0.389050241,19.20447593,No
270,4,19.11290381,112.9625731,0.390497944,0.491235771,No
270,5,18.07257047,94.23190773,-0.387848682,19.45758929,No
271,4,19.11290381,112.9625731,0.385046729,0.49226361,No
271,5,18.07257047,94.23190773,-0.386695511,19.70582662,No
272,4,19.11290381,127.654191,0.379869848,0.69241552,No
272,5,18.07257047,106.4106359,-0.385587863,22.25476923,No
273,4,19.11290381,127.654191,0.374947101,0.692698233,No
273,5,18.07257047,106.4106359,-0.384523095,22.16514174,No
274,4,15.84438527,127.654191,0.081683168,0.692969254,No
274,5,21.10539486,106.4106359,-0.280517444,22.07989464,No
275,4,15.84438527,138.69638,0.07806841,0.838870869,No
275,5,21.10539486,131.6151949,-0.279146646,26.91923724,No
276,4,15.84438527,138.69638,0.074626866,0.838168149,No
276,5,21.10539486,131.6151949,-0.277828054,26.36366083,No
277,4,15.84438527,138.69638,0.071346375,0.837494326,No
277,5,21.10539486,131.6151949,-0.276558742,25.85093168,No
278,4,15.84438527,16.23212665,0.068215892,-0.786928449,No
278,5,21.10539486,43.87173164,-0.275335997,7.617052919,No
279,4,17.74202824,16.23212665,0.206997511,-0.78690086,No
279,5,23.33988669,43.87173164,-0.204861359,7.436385256,No
280,4,17.74202824,16.23212665,0.203518307,-0.786874347,No
280,5,23.33988669,43.87173164,-0.203456237,7.269797737,No
281,4,17.74202824,-39.58929112,0.200195722,-1.520016153,No
281,5,23.33988669,14.62391055,-0.202102081,1.639797935,No
282,4,17.74202824,-39.58929112,0.197019415,-1.520519231,No
282,5,23.33988669,14.62391055,-0.200796168,1.591058028,No
283,4,17.74202824,-39.58929112,0.193979933,-1.521004064,No
283,5,23.33988669,14.62391055,-0.199535963,1.545843521,No
284,4,12.32345795,-73.19643037,-0.159120649,-1.977148867,No
284,5,13.04297734,4.874636849,-0.546644525,-0.284520885,No
285,4,12.32345795,-73.19643037,-0.160968114,-1.979019209,No
285,5,13.04297734,4.874636849,-0.545757072,-0.295614202,No
286,4,12.32345795,-73.19643037,-0.162738215,-1.98082706,No
286,5,13.04297734,4.874636849,-0.544899821,-0.305976315,No
287,4,12.32345795,-54.39881012,-0.164435712,-1.727488931,No
287,5,13.04297734,-28.37512105,-0.544071256,-5.804704205,No
288,4,12.32345795,-54.39881012,-0.166064982,-1.729373051,No
288,5,13.04297734,-28.37512105,-0.543269962,-5.754305495,No
289,4,10.95498473,-54.39881012,-0.306177788,-1.731198536,No
289,5,19.52620114,-28.37512105,-0.331149993,-5.706713781,No
290,4,10.95498473,-71.98795377,-0.30725676,-1.964648151,No
290,5,19.52620114,-14.13712151,-0.32987204,-3.334671802,No
291,4,10.95498473,-71.98795377,-0.308293678,-1.967810269,No
291,5,19.52620114,-14.13712151,-0.328635509,-3.316932907,No
292,4,10.95498473,-71.98795377,-0.309290954,-1.970881152,No
292,5,19.52620114,-14.13712151,-0.327438417,-3.30007011,No
293,4,10.95498473,-23.99598459,-0.310250818,-1.315670707,No
293,5,19.52620114,-49.71237384,-0.326278907,-9.027699351,No
294,4,6.970895934,-23.99598459,-0.586516854,-1.316798416,No
294,5,8.009403285,-49.71237384,-0.715696824,-9.00605698,No
295,4,6.970895934,-23.99598459,-0.586869748,-1.317895247,No
295,5,8.009403285,-49.71237384,-0.715085165,-8.98526501,No
296,4,6.970895934,-7.99866153,-0.587209902,-1.097122633,No
296,5,8.009403285,-16.57079128,-0.714492094,-3.605052904,No
297,4,6.970895934,-7.99866153,-0.587537994,-1.097484657,No
297,5,8.009403285,-16.57079128,-0.713916779,-3.602757158,No
298,4,6.970895934,-7.99866153,-0.587854654,-1.097837189,No
298,5,8.009403285,-16.57079128,-0.713358432,-3.60054178,No
299,4,11.0643325,27.33377949,-0.244829104,-0.62120453,No
299,5,15.20188066,-5.523597093,-0.461353522,-1.812619503,No
300,4,11.0643325,27.33377949,-0.245243129,-0.61981788,No
300,5,15.20188066,-5.523597093,-0.460195056,-1.812571352,No
301,4,11.0643325,27.33377949,-0.245643036,-0.618466629,No
301,5,15.20188066,-5.523597093,-0.459070137,-1.812524772,No
302,4,11.0643325,69.11125983,-0.246029535,-0.021595664,No
302,5,15.20188066,49.30378391,-0.45797733,6.940196968,No
303,4,11.0643325,69.11125983,-0.246403288,-0.018307597,No
303,5,15.20188066,49.30378391,-0.456915279,6.918499682,No
304,4,10.95256346,69.11125983,-0.315099254,-0.015102785,No
304,5,12.64585475,49.30378391,-0.564544914,6.897603894,No
305,4,10.95256346,38.03708661,-0.315280293,-0.455777488,No
305,5,12.64585475,61.43459464,-0.563585171,8.773850943,No
306,4,10.95256346,38.03708661,-0.315455494,-0.454007693,No
306,5,12.64585475,61.43459464,-0.562651857,8.718458781,No
307,4,10.95256346,38.03708661,-0.315625134,-0.45228176,No
307,5,12.64585475,61.43459464,-0.561743894,8.665379891,No
308,4,10.95256346,12.67902887,-0.315789474,-0.826452535,No
308,5,12.64585475,20.47819821,-0.560860263,2.149822594,No
309,4,10.59051269,12.67902887,-0.315817828,-0.825882915,No
309,5,14.50417095,20.47819821,-0.486515306,2.131477228,No
310,4,10.59051269,12.67902887,-0.3158453,-0.825326973,No
310,5,14.50417095,20.47819821,-0.48539114,2.113890718,No
311,4,10.59051269,4.226342957,-0.315871932,-0.941575653,No
311,5,14.50417095,6.826066071,-0.484296591,-0.070872065,No
312,4,10.59051269,4.226342957,-0.315897761,-0.941380347,No
312,5,14.50417095,6.826066071,-0.483230503,-0.075708118,No
313,4,10.59051269,4.226342957,-0.315922822,-0.941189575,No
313,5,14.50417095,6.826066071,-0.482191781,-0.080352996,No
314,4,14.81810254,1.408780986,-0.042303263,-0.985245974,No
314,5,8.458051451,-6.579661702,-0.703413985,-1.915763896,No
315,4,14.81810254,1.408780986,-0.042314237,-0.985195721,No
315,5,8.458051451,-6.579661702,-0.702736012,-1.912026228,No
316,4,14.81810254,1.408780986,-0.042324888,-0.985146597,No
316,5,8.458051451,-6.579661702,-0.702075009,-1.90842598,No
317,4,14.81810254,-44.53040634,-0.04233523,-1.656007949,No
317,5,8.458051451,-2.193220567,-0.701430346,-1.301776565,No
318,4,14.81810254,-44.53040634,-0.042345277,-1.658413177,No
318,5,8.458051451,-2.193220567,-0.700801425,-1.300780882,No
319,4,6.343519495,-44.53040634,-0.589454532,-1.660767126,No
319,5,8.59161029,-2.193220567,-0.700078186,-1.29981972,No
320,4,6.343519495,-14.84346878,-0.589335959,-1.211054954,No
320,5,8.59161029,-0.731073522,-0.699372405,-1,No
321,4,6.343519495,-14.84346878,-0.589220685,-1.211848997,No
321,5,8.59161029,-0.731073522,-0.698683457,-1,No
322,4,6.343519495,-14.84346878,-0.589108572,-1.212626732,No
322,5,8.59161029,-0.731073522,-0.698010748,-1,No
323,4,6.343519495,3.907194133,-0.588999494,-0.954261142,No
323,5,8.59161029,-0.243691174,-0.697353709,-1,No
324,4,14.38010077,3.907194133,-0.040732113,-0.9540887,No
324,5,6.868322058,-0.243691174,-0.772448472,-1,No
325,4,14.38010077,3.907194133,-0.040472674,-0.953919699,No
325,5,6.868322058,-0.243691174,-0.771894687,-1,No
326,4,14.38010077,52.44738099,-0.040220207,-0.198358826,No
326,5,6.868322058,-0.081230391,-0.771353482,-1,No
327,4,14.38010077,52.44738099,-0.039974437,-0.195501169,No
327,5,6.868322058,-0.081230391,-0.770824434,-1,No
328,4,14.38010077,52.44738099,-0.039735099,-0.192700082,No
328,5,6.868322058,-0.081230391,-0.770307137,-1,No
329,4,10.53701049,68.62744327,-0.31383227,0.05927419,No
329,5,14.08818281,14.9729232,-0.4627567,1.053392133,No
330,4,10.53701049,68.62744327,-0.313574939,0.062777131,No
330,5,14.08818281,14.9729232,-0.461492126,1.049561778,No
331,4,10.53701049,68.62744327,-0.313324238,0.066210832,No
331,5,14.08818281,14.9729232,-0.460255319,1.045845272,No
332,4,10.53701049,67.87581442,-0.313079916,0.053833605,No
332,5,14.08818281,19.9909744,-0.459045374,1.770341948,No
333,4,10.53701049,67.87581442,-0.312841732,0.057070196,No
333,5,14.08818281,19.9909744,-0.457861426,1.7643659,No
334,4,8.287301085,67.87581442,-0.449982491,0.060242977,No
334,5,9.421673352,19.9909744,-0.65064092,1.758567831,No
335,4,8.287301085,22.62527147,-0.449698856,-0.650782647,No
335,5,9.421673352,21.66365813,-0.649817435,2.041181544,No
336,4,8.287301085,22.62527147,-0.449422212,-0.6497258,No
336,5,9.421673352,21.66365813,-0.649011322,2.033655377,No
337,4,8.287301085,22.62527147,-0.449152304,-0.648689364,No
337,5,9.421673352,21.66365813,-0.648222038,2.026354319,No
338,4,8.287301085,-37.45824284,-0.448888889,-1.592775833,No
338,5,9.421673352,7.221219378,-0.64744906,0.006421262,No
339,4,11.21725819,-37.45824284,-0.241795632,-1.594674915,No
339,5,3.60933467,7.221219378,-0.882189254,0.004127478,No
340,4,11.21725819,-37.45824284,-0.24137931,-1.596538865,No
340,5,3.60933467,7.221219378,-0.881901461,0.00190038,No
341,4,11.21725819,-57.48608095,-0.240972892,-1.922218872,No
341,5,3.60933467,-12.59292687,-0.88161946,-2.714905648,No
342,4,11.21725819,-57.48608095,-0.240576027,-1.925388165,No
342,5,3.60933467,-12.59292687,-0.88134308,-2.712340315,No
343,4,11.21725819,-57.48608095,-0.240188383,-1.928501695,No
343,5,3.60933467,-12.59292687,-0.881072153,-2.70984456,No
344,4,11.13921462,-49.16202698,-0.239741435,-1.801135416,No
344,5,12.81618803,-55.34262523,-0.523132731,-8.840998894,No
345,4,11.13921462,-49.16202698,-0.239304881,-1.804035183,No
345,5,12.81618803,-55.34262523,-0.521999617,-8.845113111,No
346,4,11.13921462,-49.16202698,-0.238878363,-1.806886228,No
346,5,12.81618803,-55.34262523,-0.520888604,-8.849133537,No
347,4,11.13921462,-22.53232527,-0.238461538,-1.36364022,No
347,5,12.81618803,-33.44754174,-0.51979905,-5.71760066,No
348,4,11.13921462,-22.53232527,-0.238054081,-1.364982646,No
348,5,12.81618803,-33.44754174,-0.51873034,-5.72555606,No
349,4,18.13408859,-22.53232527,0.247363796,-1.366303271,No
349,5,10.9422744,-33.44754174,-0.597983546,-5.733351308,No
350,4,18.13408859,-58.65575803,0.247894597,-1.969528226,No
350,5,10.9422744,-56.14918058,-0.597043395,-9.060366596,No
351,4,18.13408859,-58.65575803,0.248413418,-1.973288283,No
351,5,10.9422744,-56.14918058,-0.596120983,-9.087917268,No
352,4,18.13408859,-58.65575803,0.24892066,-1.976990176,No
352,5,10.9422744,-56.14918058,-0.595215811,-9.115017095,No
353,4,18.13408859,-10.69690228,0.249416706,-1.16911445,No
353,5,10.9422744,-18.71639353,-0.594327402,-3.618855668,No
354,4,12.87461145,-10.69690228,-0.166685892,-1.169772187,No
354,5,9.802973274,-18.71639353,-0.634032666,-3.629155274,No
355,4,12.87461145,-10.69690228,-0.166324435,-1.170420024,No
355,5,9.802973274,-18.71639353,-0.633186545,-3.639300711,No
356,4,12.87461145,-3.565634095,-0.16597089,-1.051327848,No
356,5,9.802973274,-6.238797842,-0.632355867,-1.883418881,No
357,4,12.87461145,-3.565634095,-0.165625,-1.051526699,No
357,5,9.802973274,-6.238797842,-0.631540211,-1.887018216,No
358,4,12.87461145,-3.565634095,-0.165286519,-1.051722626,No
358,5,9.802973274,-6.238797842,-0.630739173,-1.890566038,No
359,4,12.64182781,82.66647236,-0.164911974,0.418918266,No
359,5,14.54871362,19.06538366,-0.424293661,1.830235784,No
360,4,12.64182781,82.66647236,-0.164545474,0.424007215,No
360,5,14.54871362,19.06538366,-0.423016411,1.840192705,No
361,4,12.64182781,82.66647236,-0.164186762,0.42902037,No
361,5,14.54871362,19.06538366,-0.421761894,1.85,No
362,4,12.64182781,66.41050785,-0.163835593,0.1541304,No
362,5,14.54871362,75.21014495,-0.42052951,10.26725304,No
363,4,12.64182781,66.41050785,-0.163491731,0.1580142,No
363,5,14.54871362,75.21014495,-0.419318677,10.28418231,No
364,4,10.91641362,66.41050785,-0.30256644,0.161839864,No
364,5,21.31860236,75.21014495,-0.12716028,10.30079681,No
365,4,10.91641362,120.991853,-0.302230239,1.118874983,No
365,5,21.31860236,78.92506537,-0.125374705,10.74772835,No
366,4,10.91641362,120.991853,-0.301900956,1.125214235,No
366,5,21.31860236,78.92506537,-0.123620443,10.74274139,No
367,4,10.91641362,120.991853,-0.301578377,1.131456168,No
367,5,21.31860236,78.92506537,-0.121896678,10.73786408,No
368,4,10.91641362,40.33061767,-0.3012623,-0.287431076,No
368,5,21.31860236,56.30835512,-0.120202622,7.413212238,No
369,4,8.473537051,40.33061767,-0.440692641,-0.285379534,No
369,5,14.6683969,56.30835512,-0.412290133,7.399578968,No
370,4,8.473537051,40.33061767,-0.440381806,-0.283359253,No
370,5,14.6683969,56.30835512,-0.411132195,7.386272471,No
371,4,8.473537051,13.44353922,-0.440077146,-0.766415804,No
371,5,14.6683969,-28.94058241,-0.409994077,-5.190196366,No
372,4,8.473537051,13.44353922,-0.439778478,-0.765750047,No
372,5,14.6683969,-28.94058241,-0.408875276,-5.18732142,No
373,4,8.473537051,13.44353922,-0.439485628,-0.765094258,No
373,5,14.6683969,-28.94058241,-0.407775304,-5.184509269,No
374,4,8.81970741,4.481179741,-0.439132633,-0.927511863,No
374,5,19.89116959,-54.6468608,-0.194756681,-9.076430401,No
375,4,8.81970741,4.481179741,-0.438786485,-0.927305511,No
375,5,19.89116959,-54.6468608,-0.193272501,-9.082616664,No
376,4,8.81970741,4.481179741,-0.438446987,-0.927102184,No
376,5,19.89116959,-54.6468608,-0.191813295,-9.088687151,No
377,4,8.81970741,-16.21630754,-0.438113949,-1.292450867,No
377,5,19.89116959,-108.2156203,-0.190378439,-17.23220974,No
378,4,8.81970741,-16.21630754,-0.437787188,-1.293298124,No
378,5,19.89116959,-108.2156203,-0.188967329,-17.28630477,No
379,4,11.61234488,-16.21630754,-0.226472006,-1.294133298,No
379,5,16.50714444,-108.2156203,-0.31580147,-17.33967428,No
380,4,11.61234488,-50.40543585,-0.225995792,-1.922003969,No
380,5,16.50714444,-96.07187342,-0.314598155,-15.60490463,No
381,4,11.61234488,-50.40543585,-0.225528487,-1.924802248,No
381,5,16.50714444,-96.07187342,-0.313414673,-15.68493151,No
382,4,11.61234488,-50.40543585,-0.225069841,-1.927562197,No
382,5,16.50714444,-96.07187342,-0.312250537,-15.76424521,No
383,4,11.61234488,-61.80181195,-0.224619617,-2.135298385,No
383,5,16.50714444,-40.87897487,-0.311105277,-7.190967395,No
384,4,8.673078642,-61.80181195,-0.435706134,-2.138922448,No
384,5,19.12893998,-40.87897487,-0.180563656,-7.229889167,No
385,4,8.673078642,-61.80181195,-0.435332242,-2.142499022,No
385,5,19.12893998,-40.87897487,-0.179212247,-7.268537074,No
386,4,8.673078642,-35.60060398,-0.434965129,-1.65771104,No
386,5,19.12893998,-28.62632496,-0.177882743,-5.418206039,No
387,4,8.673078642,-35.60060398,-0.434604611,-1.659862069,No
387,5,19.12893998,-28.62632496,-0.176574617,-5.448262121,No
388,4,8.673078642,-35.60060398,-0.434250513,-1.66198584,No
388,5,19.12893998,-28.62632496,-0.175287356,-5.478145695,No
389,4,9.524870055,-11.86686799,-0.363087292,-1.208746251,No
389,5,10.825788,-9.542108319,-0.565217391,-2.449439686,No
390,4,9.524870055,-11.86686799,-0.362650661,-1.20943117,No
390,5,10.825788,-9.542108319,-0.564505566,-2.459422072,No
391,4,9.524870055,-11.86686799,-0.362221725,-1.21010761,No
391,5,10.825788,-9.542108319,-0.563804967,-2.469351554,No
392,4,9.524870055,49.89939439,-0.361800282,-0.061082327,No
392,5,10.825788,-3.180702773,-0.563115331,-1.493174024,No
393,4,9.524870055,49.89939439,-0.361386139,-0.058135769,No
393,5,10.825788,-3.180702773,-0.562436401,-1.496546766,No
394,4,14.31588628,49.89939439,-0.005966197,-0.055225738,No
394,5,23.81503133,-3.180702773,0.007932006,-1.49990221,No
395,4,14.31588628,31.63313146,-0.005342804,-0.400436292,No
395,5,23.81503133,28.93976574,0.009443591,3.694668891,No
396,4,14.31588628,31.63313146,-0.004730195,-0.398609838,No
396,5,23.81503133,28.93976574,0.010931599,3.723401499,No
397,4,14.31588628,31.63313146,-0.004128092,-0.396805888,No
397,5,23.81503133,28.93976574,0.012396578,3.751953503,No
398,4,14.31588628,55.54437715,-0.003536228,0.073334576,No
398,5,23.81503133,9.646588581,0.013839057,0.536429951,No
399,4,9.263786922,55.54437715,-0.358993868,0.07644686,No
399,5,10.73788,9.646588581,-0.55853115,0.545386507,No
400,4,9.263786922,55.54437715,-0.358578761,0.079520681,No
400,5,10.73788,9.646588581,-0.557872133,0.554283887,No
401,4,9.263786922,69.65977533,-0.358170644,0.358057171,No
401,5,10.73788,3.215529527,-0.557223128,-0.478928587,No
402,4,9.263786922,69.65977533,-0.357769342,0.361759584,No
402,5,10.73788,3.215529527,-0.556583907,-0.475971716,No
403,4,9.263786922,69.65977533,-0.357374684,0.365415882,No
403,5,10.73788,3.215529527,-0.55595425,-0.473034561,No
404,4,11.23735452,74.36490805,-0.214060935,0.468149933,No
404,5,25.11301084,56.39309535,0.111640287,8.880692321,No
405,4,11.23735452,74.36490805,-0.213561245,0.471892866,No
405,5,25.11301084,56.39309535,0.113143039,8.924302622,No
406,4,11.23735452,74.36490805,-0.213069781,0.475588766,No
406,5,25.11301084,56.39309535,0.114623154,8.967524357,No
407,4,11.23735452,24.78830268,-0.212586339,-0.520218032,No
407,5,25.11301084,18.79769845,0.116081141,2.216789591,No
408,4,11.23735452,24.78830268,-0.212110727,-0.519020575,No
408,5,25.11301084,18.79769845,0.117517492,2.229608247,No
409,4,2.247470904,24.78830268,-0.856638796,-0.517838016,No
409,5,17.29760217,18.79769845,-0.239090925,2.242304851,No
410,4,2.247470904,-0.592249498,-0.856531924,-1,No
410,5,17.29760217,6.265899484,-0.238108609,0.084949969,No
411,4,2.247470904,-0.592249498,-0.856426747,-1,No
411,5,17.29760217,6.265899484,-0.23714083,0.089091205,No
412,4,2.247470904,-0.592249498,-0.856323226,-1,No
412,5,17.29760217,6.265899484,-0.236187266,0.093192574,No
413,4,2.247470904,-0.197416499,-0.856221321,-1,No
413,5,17.29760217,2.088633161,-0.235247607,-0.63422292,No
414,4,18.44179275,-0.197416499,0.294841008,-1,No
414,5,5.234520434,2.088633161,-0.774768448,-0.632856628,No
415,4,18.44179275,-0.197416499,0.295660711,-1,No
415,5,5.234520434,2.088633161,-0.774468469,-0.631503409,No
416,4,18.44179275,-0.0658055,0.296467532,-1,No
416,5,5.234520434,0.696211054,-0.774172795,-1,No
417,4,18.44179275,-0.0658055,0.297261774,-1,No
417,5,5.234520434,0.696211054,-0.773881333,-1,No
418,4,18.44179275,-0.0658055,0.298043728,-1,No
418,5,5.234520434,0.696211054,-0.773593995,-1,No
419,4,10.98835855,-0.021935167,-0.278401522,-1,No
419,5,4.596904087,0.232070351,-0.818622449,-1,No
420,4,10.98835855,-0.021935167,-0.277945619,-1,No
420,5,4.596904087,0.232070351,-0.818373244,-1,No
421,4,10.98835855,-0.021935167,-0.277496721,-1,No
421,5,4.596904087,0.232070351,-0.818127506,-1,No
422,4,10.98835855,-0.007311722,-0.277054667,-1,No
422,5,4.596904087,0.077356784,-0.817885163,-1,No
423,4,10.98835855,-0.007311722,-0.276619302,-1,No
423,5,4.596904087,0.077356784,-0.817646147,-1,No
424,4,14.21497028,-0.007311722,0.013331055,-1,No
424,5,6.979609891,0.077356784,-0.726082035,-1,No
425,4,14.21497028,51.1425457,0.013920017,0.066235007,No
425,5,6.979609891,-44.97421441,-0.725700127,-9.415140322,No
426,4,14.21497028,51.1425457,0.014500072,0.068779488,No
426,5,6.979609891,-44.97421441,-0.725323388,-9.452293334,No
427,4,14.21497028,51.1425457,0.015071419,0.071294976,No
427,5,6.979609891,-44.97421441,-0.724951714,-9.489171108,No
428,4,14.21497028,17.04751523,0.015634253,-0.642050348,No
428,5,6.979609891,30.0085952,-0.724585004,4.810312382,No
429,4,14.54299406,17.04751523,0.016186099,-0.641208672,No
429,5,9.231151051,30.0085952,-0.586295455,4.832365176,No
430,4,14.54299406,17.04751523,0.016729665,-0.640376481,No
430,5,9.231151051,30.0085952,-0.585721152,4.854231975,No
431,4,14.54299406,5.682505078,0.017265137,-0.893977367,No
431,5,9.231151051,10.00286507,-0.585154442,0.958460281,No
432,4,14.54299406,5.682505078,0.017792694,-0.89372916,No
432,5,9.231151051,10.00286507,-0.584595176,0.965448358,No
433,4,14.54299406,5.682505078,0.018312511,-0.893483709,No
433,5,9.231151051,10.00286507,-0.584043209,0.972375691,No
434,4,7.333598811,1.894168359,-0.490548729,-0.978646258,No
434,5,15.00645928,-41.66571164,-0.305797623,-9.121754289,No
435,4,7.333598811,1.894168359,-0.490258025,-0.978596328,No
435,5,15.00645928,-41.66571164,-0.304868887,-9.156518559,No
436,4,7.333598811,1.894168359,-0.489971539,-0.978546944,No
436,5,15.00645928,-41.66571164,-0.303952232,-9.191035802,No
437,4,7.333598811,0.631389453,-0.489689179,-1,No
437,5,15.00645928,-13.88857055,-0.303047424,-3.60887646,No
438,4,7.333598811,0.631389453,-0.489410859,-1,No
438,5,15.00645928,-13.88857055,-0.302154235,-3.620518018,No
439,4,4.416719762,0.631389453,-0.708047057,-1,No
439,5,9.001165591,-13.88857055,-0.580727024,-3.63208313,No
440,4,4.416719762,0.210463151,-0.707862,-1,No
440,5,9.001165591,-49.62952352,-0.580168747,-10.97390397,No
441,4,4.416719762,0.210463151,-0.70767955,-1,No
441,5,9.001165591,-49.62952352,-0.579617571,-11.02662621,No
442,4,4.416719762,0.210463151,-0.707499652,-1,No
442,5,9.001165591,-49.62952352,-0.579073362,-11.07909726,No
443,4,4.416719762,0.070154384,-0.707322253,-1,No
443,5,9.001165591,-16.54317451,-0.578535989,-4.309417842,No
444,4,5.333343952,0.070154384,-0.6339007,-1,No
444,5,7.050233118,-16.54317451,-0.671750157,-4.327625571,No
445,4,5.333343952,0.070154384,-0.633652064,-1,No
445,5,7.050233118,-16.54317451,-0.671311211,-4.345757462,No
446,4,5.333343952,-8.831632264,-0.633406836,-1.175679185,No
446,5,7.050233118,-50.5143915,-0.670877717,-11.5221519,No
447,4,5.333343952,-8.831632264,-0.633164947,-1.1760906,No
447,5,7.050233118,-50.5143915,-0.670449574,-11.58865311,No
448,4,5.333343952,-8.831632264,-0.632926329,-1.176497808,No
448,5,7.050233118,-50.5143915,-0.670026682,-11.65499628,No
449,4,13.82583406,42.05612258,-0.044990421,-0.071264947,No
449,5,10.88492036,-16.8381305,-0.527978209,-4.432034448,No
450,4,13.82583406,42.05612258,-0.044380794,-0.069165176,No
450,5,10.88492036,-16.8381305,-0.527354604,-4.454429573,No
451,4,13.82583406,42.05612258,-0.043779404,-0.067086864,No
451,5,10.88492036,-16.8381305,-0.52673859,-4.476784293,No
452,4,13.82583406,14.01870753,-0.043186085,-0.688325892,No
452,5,10.88492036,-50.61271017,-0.52613003,-11.94523843,No
453,4,13.82583406,14.01870753,-0.042600674,-0.687629977,No
453,5,10.88492036,-50.61271017,-0.525528788,-12.02552311,No
454,4,7.190166812,14.01870753,-0.484132849,-0.6869411,No
454,5,8.151857806,-50.61271017,-0.619916285,-12.10580495,No
455,4,7.190166812,4.672902509,-0.483792989,-0.910353307,No
455,5,8.151857806,-16.87090339,-0.619415612,-4.580843197,No
456,4,7.190166812,4.672902509,-0.483457616,-0.910154033,No
456,5,8.151857806,-16.87090339,-0.618920903,-4.607843137,No
457,4,7.190166812,4.672902509,-0.483126642,-0.909956746,No
457,5,8.151857806,-16.87090339,-0.618432053,-4.634857416,No
458,4,7.190166812,1.55763417,-0.482799981,-0.977438649,No
458,5,8.151857806,-54.7999037,-0.617948956,-13.37165036,No
459,4,15.13864303,1.55763417,0.1089611,-0.97738861,No
459,5,18.67344376,-54.7999037,-0.139295446,-13.47591163,No
460,4,15.13864303,1.55763417,0.109627567,-0.977339064,No
460,5,18.67344376,-54.7999037,-0.138218657,-13.58042853,No
461,4,15.13864303,15.51921139,0.110285333,-0.659333025,No
461,5,18.67344376,-18.26663457,-0.137154555,-5.230075268,No
462,4,15.13864303,15.51921139,0.110934565,-0.658587463,No
462,5,18.67344376,-18.26663457,-0.136102918,-5.266787853,No
463,4,15.13864303,15.51921139,0.111575428,-0.657849162,No
463,5,18.67344376,-18.26663457,-0.135063527,-5.303614458,No
464,4,4.502728606,5.173070463,-0.703385217,-0.885698502,No
464,5,11.39920715,-51.08887819,-0.470768881,-13.3103763,No
465,4,4.502728606,5.173070463,-0.70319304,-0.88544971,No
465,5,11.39920715,-51.08887819,-0.47011772,-13.42775655,No
466,4,4.502728606,5.173070463,-0.703003307,-0.885203311,No
466,5,11.39920715,-51.08887819,-0.469474095,-13.54571937,No
467,4,4.502728606,1.724356821,-0.702815971,-0.976990222,No
467,5,11.39920715,-107.0296261,-0.468837877,-27.62341509,No
468,4,4.502728606,1.724356821,-0.702630987,-0.976940263,No
468,5,11.39920715,-107.0296261,-0.468208938,-27.92810363,No
469,4,2.375545721,1.724356821,-0.851208939,-0.976890777,No
469,5,9.598396615,-107.0296261,-0.564359948,-28.23551279,No
470,4,2.375545721,0.574785607,-0.851103709,-1,No
470,5,9.598396615,-50.67654202,-0.563827819,-13.88452025,No
471,4,2.375545721,0.574785607,-0.850999779,-1,No
471,5,9.598396615,-50.67654202,-0.563301729,-14.04387872,No
472,4,2.375545721,0.574785607,-0.850897127,-1,No
472,5,9.598396615,-50.67654202,-0.562781577,-14.20497861,No
24,1,33.74923033,101.2300225,0,0,No
24,2,24.96396296,-114.5799318,0,0,No
25,0,31.16599965,-1.832378637,0,-0.444444444,No
25,1,33.74923033,71.61980008,0,-0.252631579,No
25,2,24.96396296,-95.03920319,0,-0.137931034,No
26,0,31.16599965,-1.832378637,0,-0.416666667,No
26,1,33.74923033,71.61980008,0,-0.231839258,No
26,2,24.96396296,-95.03920319,0,-0.125,No
27,0,31.16599965,-1.832378637,0,-0.4,No
27,1,33.74923033,71.61980008,0,-0.21978022,No
27,2,24.96396296,-95.03920319,0,-0.117647059,No
28,0,31.16599965,-2.342269182,0,0.2,No
28,1,33.74923033,116.9362121,0,0.257452575,No
28,2,24.96396296,-130.5347515,0,0.19266055,No
29,0,55.3752096,-2.342269182,0.597510373,0.2,No
29,1,49.80135544,116.9362121,0.388663968,0.247311828,No
29,2,33.53169513,-130.5347515,0.305084746,0.183970856,No
30,0,55.3752096,-2.342269182,0.513761468,0.2,No
30,1,49.80135544,116.9362121,0.340425532,0.240641711,No
30,2,33.53169513,-130.5347515,0.269230769,0.178247734,No
31,0,55.3752096,2.416955027,0.464891041,-2.333333333,No
31,1,49.80135544,92.44797672,0.311435523,-0.018904508,No
31,2,33.53169513,-105.8865893,0.24742268,-0.049382716,No
32,0,55.3752096,2.416955027,0.432865731,-2.444444444,No
32,1,49.80135544,92.44797672,0.292089249,-0.020875972,No
32,2,33.53169513,-105.8865893,0.232758621,-0.050104384,No
33,0,55.3752096,2.416955027,0.41025641,-2.538461538,No
33,1,49.80135544,92.44797672,0.27826087,-0.022316684,No
33,2,33.53169513,-105.8865893,0.222222222,-0.050632911,No
34,0,87.61398633,-16.56935377,1.065963061,8.655172414,No
34,1,79.64628425,133.9332431,0.932065217,0.395383693,No
34,2,40.24147301,-92.58549564,0.434262948,-0.164504411,No
35,0,87.61398633,-16.56935377,0.962406015,7.311688312,No
35,1,79.64628425,133.9332431,0.849498328,0.382177189,No
35,2,40.24147301,-92.58549564,0.402337229,-0.161731207,No
36,0,87.61398633,-16.56935377,0.891304348,6.5,No
36,1,79.64628425,133.9332431,0.792060491,0.372077029,No
36,2,40.24147301,-92.58549564,0.379310345,-0.15956151,No
37,0,87.61398633,13.22835318,0.839467502,-7.5,No
37,1,79.64628425,140.7893973,0.749794914,0.423728814,No
37,2,40.24147301,-88.48682643,0.361916772,-0.191351351,No
38,0,87.61398633,13.22835318,0.8,-7.861111111,No
38,1,79.64628425,140.7893973,0.717391304,0.407904023,No
38,2,40.24147301,-88.48682643,0.348314607,-0.187560739,No
39,0,107.712242,13.22835318,1.102890173,-8.184210526,No
39,1,83.26523589,140.7893973,0.737684729,0.395348837,No
39,2,35.7230039,-88.48682643,0.164383562,-0.184466019,No
40,0,107.712242,26.17030409,1.022885572,-20.36170213,No
40,1,83.26523589,140.4269581,0.688436831,0.377565364,No
40,2,35.7230039,-84.18047684,0.152512998,-0.216626699,No
41,0,107.712242,26.17030409,0.962445415,-28.05405405,No
41,1,83.26523589,140.4269581,0.650568182,0.363348931,No
41,2,35.7230039,-84.18047684,0.143079316,-0.212563915,No
42,0,107.712242,26.17030409,0.915175097,-41.44444444,Accdient
42,1,83.26523589,140.4269581,0.620543294,0.351724138,Accdient
42,2,35.7230039,-84.18047684,0.135401975,-0.209145931,Accdient
43,0,107.712242,10.46189659,0.877192982,-39.33333333,Accdient
43,1,83.26523589,89.02768884,0.596153846,-0.14548111,Accdient
43,2,35.7230039,-39.90605154,0.129032258,-0.628917158,Accdient
44,0,133.1222021,10.46189659,1.241802023,165.6666667,Accdient
44,1,97.92089535,89.02768884,0.814008841,-0.149464832,Accdient
44,2,35.78673583,-39.90605154,0.121141526,-0.625576037,Accdient
45,0,133.1222021,10.46189659,1.170837867,29,Accdient
45,1,97.92089535,89.02768884,0.773308958,-0.152829191,Accdient
45,2,35.78673583,-39.90605154,0.114649682,-0.622682075,Accdient
46,0,133.1222021,21.19733298,1.114208853,27.24137931,Accdient
46,1,97.92089535,123.6710343,0.740270494,0.165168812,Accdient
46,2,35.78673583,-115.9270117,0.109215017,0.118918919,Accdient
47,0,133.1222021,21.19733298,1.067969791,18.17391304,Accdient
47,1,97.92089535,123.6710343,0.712916246,0.160377358,Accdient
47,2,35.78673583,-115.9270117,0.104598738,0.124388919,Accdient
48,0,133.1222021,21.19733298,1.029501526,14,Accdient
48,1,97.92089535,123.6710343,0.68989547,0.156256528,Accdient
48,2,35.78673583,-115.9270117,0.100628931,0.129173031,Accdient
49,0,192.1910016,25.35437997,1.817391304,12.67924528,Accdient
49,2,41.52865287,-96.26733179,0.280755881,-0.053511933,Accdient
50,0,192.1910016,25.35437997,1.727183673,10.36363636,Accdient
50,2,41.52865287,-96.26733179,0.273473759,-0.050111714,Accdient
51,0,192.1910016,25.35437997,1.653194651,8.892086331,Accdient
51,2,41.52865287,-96.26733179,0.267198405,-0.047103411,Accdient
52,0,192.1910016,35.51133347,1.591411043,10.66666667,Accdient
52,2,41.52865287,-89.71410515,0.261734535,-0.11352575,No
53,0,192.1910016,35.51133347,1.539042821,9.24256651,No
53,2,41.52865287,-89.71410515,0.256934307,-0.110808356,No
54,0,142.7869946,35.51133347,0.830781628,8.24,No
54,2,36.37888343,-89.71410515,0.09893704,-0.108378871,No
55,0,142.7869946,42.74588149,0.791180835,8.76744186,No
55,2,36.37888343,-87.1946676,0.094812165,-0.125753661,No
56,0,142.7869946,42.74588149,0.757391219,7.829545455,No
56,2,36.37888343,-87.1946676,0.091171518,-0.123366013,No
57,0,142.7869946,42.74588149,0.728221083,7.129032258,No
57,2,36.37888343,-87.1946676,0.08793456,-0.121212121,No
58,0,142.7869946,39.76022446,0.702783726,5.875802998,No
58,2,36.37888343,-34.76579886,0.085037675,-0.654886168,No
59,2,34.17415975,-34.76579886,0.022140971,-0.653360521,No
60,2,34.17415975,-34.76579886,0.019803884,-0.651968504,No
61,2,34.17415975,-69.21359417,0.017703961,-0.290393091,No
62,2,34.17415975,-69.21359417,0.015806844,-0.287366182,No
63,2,34.17415975,-69.21359417,0.014084507,-0.284585761,No
64,2,42.05146833,-80.69619261,0.249095201,-0.167139883,No
64,3,326.5827358,-32.21083821,0,0,No
65,2,42.05146833,-80.69619261,0.245842697,-0.164016356,No
65,3,326.5827358,11.21191001,0,-1.47008547,No
66,2,42.05146833,-80.69619261,0.242887777,-0.161132471,No
66,3,326.5827358,11.21191001,0,-1.557971014,No
67,2,42.05146833,-39.52372542,0.240191388,-0.589105582,No
67,3,326.5827358,11.21191001,0,-1.622641509,No
68,2,42.05146833,-39.52372542,0.237721022,-0.587301587,No
68,3,326.5827358,25.37848068,0,-2.935483871,No
69,2,34.55608958,-39.52372542,0.000125172,-0.585625,No
69,3,511.2672191,25.37848068,0.449939197,-3.483443709,No
70,2,34.55608958,-25.46454102,-0.001558192,-0.732912697,No
70,3,511.2672191,25.37848068,0.391949153,-4.06122449,No
71,2,34.55608958,-25.46454102,-0.003104519,-0.731548516,No
71,3,511.2672191,31.69288093,0.357401594,-7.089285714,No
72,2,34.55608958,-25.46454102,-0.004529886,-0.7302729,No
72,3,511.2672191,31.69288093,0.334471675,-11.46753247,No
73,2,34.55608958,-14.63316328,-0.005847953,-0.848013109,No
73,3,511.2672191,31.69288093,0.318142734,-23.14285714,No
74,2,34.93500374,-14.63316328,-0.007045849,-0.847131229,No
74,3,640.7258686,40.10155302,0.579813494,41.42424242,No
75,2,34.93500374,-14.63316328,-0.008152441,-0.846302003,No
75,3,640.7258686,40.10155302,0.532671912,13.81481481,No
76,2,34.93500374,50.37226801,-0.009177784,-1.553325151,No
76,3,640.7258686,40.10155302,0.499121608,8.836065574,No
77,2,34.93500374,50.37226801,-0.01013051,-1.557489174,No
77,3,640.7258686,16.46798917,0.47402542,1.97810219,No
78,2,34.93500374,50.37226801,-0.01101807,-1.561432539,No
78,3,640.7258686,16.46798917,0.454545455,1.498630137,No
79,2,37.43134187,16.790756,0.075106202,-1.181217845,No
79,3,861.5323512,16.46798917,0.884026258,1.210526316,No
80,2,37.43134187,16.790756,0.07404674,-1.182699687,No
80,3,861.5323512,32.84350501,0.830275229,2.868739206,No
81,2,37.43134187,16.790756,0.073058637,-1.184109589,No
81,3,861.5323512,32.84350501,0.788958148,2.50997151,No
82,2,37.43134187,5.596918667,0.072134918,-1.058048293,No
82,3,861.5323512,32.84350501,0.756207875,2.258181818,No
83,2,37.43134187,5.596918667,0.071269488,-1.058538625,No
83,3,861.5323512,33.42875279,0.729610285,2.094801223,No
84,2,30.88626837,5.596918667,-0.131777379,-1.059006846,No
84,3,742.0070689,33.42875279,0.459063282,1.90237467,No
85,2,30.88626837,59.15560544,-0.132127955,-1.703235701,No
85,3,742.0070689,33.42875279,0.433816425,1.75638051,No
86,2,30.88626837,59.15560544,-0.132457027,-1.70990335,No
86,3,742.0070689,15.13129388,0.413126282,0.198770492,No
87,2,30.88626837,59.15560544,-0.132766514,-1.716301166,No
88,2,30.88626837,19.71853515,-0.133058114,-1.233019149,No
89,2,28.10040301,19.71853515,-0.190781366,-1.235275116,No
90,2,28.10040301,19.71853515,-0.190712704,-1.23744623,No
91,2,28.10040301,51.57284505,-0.1906479,-1.644210526,No
92,2,28.10040301,51.57284505,-0.190586638,-1.650826717,No
93,2,28.10040301,51.57284505,-0.190528634,-1.657216495,No
94,2,29.5450806,17.19094835,-0.161311054,-1.221422738,No
95,2,29.5450806,17.19094835,-0.1610196,-1.223696604,No
96,2,29.5450806,17.19094835,-0.160743298,-1.225897457,No
97,2,29.5450806,-5.499706392,-0.160480998,-0.932870153,No
98,2,29.5450806,-5.499706392,-0.16023166,-0.932202271,No
99,2,24.61845869,-5.499706392,-0.304478735,-0.931554932,No
100,2,24.61845869,-13.06325797,-0.303964758,-0.820274197,No
101,2,24.61845869,-13.06325797,-0.303475457,-0.818558911,No
102,2,24.61845869,-13.06325797,-0.303009097,-0.816894586,No
103,2,24.61845869,46.79056362,-0.302564103,-1.654559704,No
104,2,22.3927124,46.79056362,-0.359963269,-1.661023294,No
104,4,77.10555711,-29.59370825,0,0,No
105,2,22.3927124,46.79056362,-0.359275575,-1.667309822,No
105,4,77.10555711,5.135430582,0,-1.225225225,No
106,2,22.3927124,123.5877301,-0.358618489,-2.804737139,No
106,4,77.10555711,5.135430582,0,-1.259259259,No
